submission_title,submission_post,upvotes,downvotes,confidence_title, confidence_text,confidence_text
"Any screenshots of Reddit's ""the year, recapped"" account feature will earn a 30-day ban, as per rule 10",,579.0,0.0,"[[{'label': 'NEG', 'score': 0.27142828702926636}, {'label': 'NEU', 'score': 0.7201500535011292}, {'label': 'POS', 'score': 0.008421638049185276}]]",,
"Subreddit of the Month [January 2023] r/ballsthatclank/. Know of a small, humor-based subreddit that deserves a month in the spotlight? Link it inside!",,200.0,0.0,"[[{'label': 'NEG', 'score': 0.0016368215437978506}, {'label': 'NEU', 'score': 0.529319167137146}, {'label': 'POS', 'score': 0.4690439701080322}]]",,
"How, When and Who to Marry",,5126.0,0.0,"[[{'label': 'NEG', 'score': 0.0027839269023388624}, {'label': 'NEU', 'score': 0.9694184064865112}, {'label': 'POS', 'score': 0.027797631919384003}]]",,
my dad goes to a bar with his friends every friday and he makes a list of discussion topics,,1642.0,0.0,"[[{'label': 'NEG', 'score': 0.007341364398598671}, {'label': 'NEU', 'score': 0.8732407093048096}, {'label': 'POS', 'score': 0.1194179430603981}]]",,
Vegans in Shambles,,10122.0,0.0,"[[{'label': 'NEG', 'score': 0.9687247276306152}, {'label': 'NEU', 'score': 0.02713964134454727}, {'label': 'POS', 'score': 0.004135661758482456}]]",,
Bro really did a Street Fighter victory pose,,37785.0,0.0,"[[{'label': 'NEG', 'score': 0.004383080638945103}, {'label': 'NEU', 'score': 0.9451144337654114}, {'label': 'POS', 'score': 0.05050249770283699}]]",,
The first time in history it is caught on camera. Mercedes giving birth.,,292.0,0.0,"[[{'label': 'NEG', 'score': 0.004037984646856785}, {'label': 'NEU', 'score': 0.9507178664207458}, {'label': 'POS', 'score': 0.04524406045675278}]]",,
I walked into my classroom and this is the first thing I saw for diversity class,,4461.0,0.0,"[[{'label': 'NEG', 'score': 0.0040793828666210175}, {'label': 'NEU', 'score': 0.9287241697311401}, {'label': 'POS', 'score': 0.06719643622636795}]]",,
So poetic!,,17065.0,0.0,"[[{'label': 'NEG', 'score': 0.0015334861818701029}, {'label': 'NEU', 'score': 0.03210170194506645}, {'label': 'POS', 'score': 0.9663648009300232}]]",,
I went to a grunge bar in Amsterdam and found this guy just sitting in a rage,,726.0,0.0,"[[{'label': 'NEG', 'score': 0.8920106291770935}, {'label': 'NEU', 'score': 0.10466314852237701}, {'label': 'POS', 'score': 0.0033261363860219717}]]",,
